{"_timestamp":1.7355794311677992e+09,"val_acc":0.8174943566591422,"_wandb":{"runtime":58},"val_loss":0.6470917550556816,"_step":1,"epoch":1,"train_loss":0.7767171870939782,"train_acc":0.8076196118493135,"learning_rate":0.0001,"_runtime":58.147897153}